data,threshold,precision,recall,f-score,auprc,model
train,0.18,0.9930774071743235,0.9987341772151899,0.9975976735364775,0.999,MLPdropout
test,0.01,0.3678861788617886,0.4469135802469136,0.4285037878787879,0.357,MLPdropout
